<?xml version="1.0" encoding="UTF-8" standalone="yes"?>
<addon id="plugin.video.hidabrot"                                                                                                                                    
	   name="הידברות"                                                 
	   version="1.0.1"                                                                                                                                        
	   provider-name="rabime">
  <requires>

	<import addon="script.module.requests"/>


  </requires>
  <extension point="xbmc.python.pluginsource"
            library="default.py">
        <provides>video</provides>
  </extension>
  <extension point="xbmc.addon.metadata">
    <summary lang="he">הרצאות מאתר הידברות</summary>
    <description lang="he">הרצאות מאתר הידברות</description>
    <platform>all</platform>
  </extension>
</addon>