<?xml version="1.0" encoding="UTF-8" standalone="yes"?>
<addon id="repository.kodil" name="KodiIL Repository" version="1.0" provider-name="Kodi">
    <requires>
        <import addon="xbmc.addon" version="12.0.0"/>
    </requires>
    <extension point="xbmc.addon.repository" name="KodiIL Repository">
        <dir>
		<info compressed="false">https://raw.githubusercontent.com/Kodiman112/kodisrael/refs/heads/main/addons.xml</info>
		<checksum>https://raw.githubusercontent.com/Kodiman112/kodisrael/refs/heads/main/addons.xml.md5</checksum>
		<datadir zip="true">https://github.com/Kodiman112/kodisrael/raw/refs/heads/main/zips/</datadir>
        </dir>
    </extension>
    <extension point="xbmc.addon.metadata">
        <summary lang="en"></summary>
        <description lang="en"></description>
        <disclaimer lang="en"></disclaimer>
        <platform>all</platform>
        <assets>
            <icon>icon.png</icon>
            <fanart>fanart.jpg</fanart>
        </assets>
        <news></news>
    </extension>
</addon>